tweet_id,sentiment,content
1956967666,sadness,Layin n bed with a headache  ughhhh...waitin on your call...
1956967696,sadness,Funeral ceremony...gloomy friday...
1956967789,enthusiasm,wants to hang out with friends SOON!
1956968416,neutral,"@dannycastillo We want to trade with someone who has Houston tickets, but no one will."
1956968477,worry,Re-pinging @ghostridah14: why didn't you go to prom? BC my bf didn't like my friends
1956968487,sadness,"I should be sleep, but im not! thinking about an old friend who I want. but he's married now. damn, &amp; he wants me 2! scandalous!"
1956968636,worry,Hmmm. http://www.djhero.com/ is down
1956969035,sadness,@charviray Charlene my love. I miss you
1956969172,sadness,@kelcouch I'm sorry  at least it's Friday?
1956969456,neutral,cant fall asleep
1956969531,worry,Choked on her retainers
1956970047,sadness,Ugh! I have to beat this stupid song to get to the next  rude!
1956970424,sadness,@BrodyJenner if u watch the hills in london u will realise what tourture it is because were weeks and weeks late  i just watch itonlinelol
1956970860,surprise,Got the news
1956971077,sadness,The storm is here and the electricity is gone
1956971170,love,@annarosekerr agreed
1956971206,sadness,So sleepy again and it's not even that late. I fail once again.
1956971473,worry,@PerezHilton lady gaga tweeted about not being impressed by her video leaking just so you know
1956971586,sadness,How are YOU convinced that I have always wanted you? What signals did I give off...damn I think I just lost another friend
1956971981,worry,@raaaaaaek oh too bad! I hope it gets better. I've been having sleep issues lately too
1956972097,fun,"Wondering why I'm awake at 7am,writing a new song,plotting my evil secret plots muahahaha...oh damn it,not secret anymore"
1956972116,neutral,No Topic Maps talks at the Balisage Markup Conference 2009   Program online at http://tr.im/mL6Z (via @bobdc) #topicmaps
1956972270,worry,I ate Something I don't know what it is... Why do I keep Telling things about food
1956972359,sadness,so tired and i think i'm definitely going to get an ear infection.  going to bed &quot;early&quot; for once.
1956972444,worry,On my way home n having 2 deal w underage girls drinking gin on da bus while talking bout keggers......damn i feel old
1956972557,sadness,"@IsaacMascote  i'm sorry people are so rude to you, isaac, they should get some manners and know better than to be so lewd!"
1956972884,worry,Damm servers still down  i need to hit 80 before all the koxpers pass me
1956973598,sadness,Fudge.... Just BS'd that whole paper.... So tired.... Ugh I hate school.....  time to sleep!!!!!!!!!!!
1956973690,worry,I HATE CANCER. I HATE IT I HATE IT I HATE IT.
1956974706,hate,It is so annoying when she starts typing on her computer in the middle of the night!
1956975441,neutral,@cynthia_123 i cant sleep
1956975860,neutral,I missed the bl***y bus!!!!!!!!
1956975876,neutral,feels strong contractions but wants to go out.  http://plurk.com/p/wxidk
1956975927,neutral,SoCal!  stoked. or maybe not.. tomorrow
1956976187,neutral,Screw you @davidbrussee! I only have 3 weeks...
1956976312,sadness,@ether_radio yeah :S i feel all funny cause i haven't slept enough  i woke my mum up cause i was singing she's not impressed :S you?
1956976371,worry,I need skott right now
1956976557,neutral,has work this afternoon
1956976681,neutral,@GABBYiSACTiVE Aw you would not unfollow me would you? Then I would cry
1956977084,happiness,mmm much better day... so far! it's still quite early. last day of #uds
1956977187,fun,@DavidArchie &lt;3 your gonna be the first  twitter ;) cause your amazing lol. come to canada  would do anything to see you perform
1956977618,worry,just picked up her Blackberry from the middle of the street! Both she and it are crushed!
1956977624,worry,Why do I have the feeling I should be packing and hitting for SFO around this time of the year? I think I'm missing something...
1956978410,worry,"Bed!!!!!... its time,..... hope i go to school tomorrow, all though i don't feel very well right now"
1956978668,worry,"@onscrn Ahh.  ... Well, I was hoping that I could learn some stuff on the way. ... Why not you and I work on separate things but also"
1956979150,sadness,I'm having a problem with my photo here in twitter amf!!!...can't see my face!
1956979437,neutral,"@jakeboyd, oh noooo!  if i blow a tire you're reaaaally going to have to send up some batman smoke."
1956979756,neutral,wnna take a bath!!!!
1956979894,neutral,Chocolate milk is so much better through a straw. I lack said straw
1956979900,worry,why am i so tired?
1956980788,neutral,"@Mennard time diff and i've just been wrapped up in day to day stuff so i havent been tweeting. talk soon,must sleep...up in 6hrs"
1956980883,neutral,@benballer  no way! damn that sucks B!  are you ok?
1956980972,worry,sucks not being able to take days off of work or have the money to take the trip  so sad
1956981427,enthusiasm,"bed...sorta. today was good, sara has strep thought Angelina does to; i shared a water with her B4 they told me, i will prob get it to"
1956981850,neutral,@ramtops the recession. her hotel are restructuring how the accounts are done. adds a bit more pressure in the short term but we'll cope
1956982075,neutral,@lostluna But I got dibs on Sulu...
1956982383,sadness,"@maternitytees Aww  Onward and upwards now, yay! Still sad to leave I bet."
1956982449,worry,@itsgabbith at once haha.  poor aby still gets sore!
1956982576,sadness,diesel yaris... 70mpg  so sad its not available in the US. That'd be awesome.
1956982605,sadness,I want to buy this great album but unfortunately i dont hav enuff funds  its &quot;long time noisy&quot;
1956983160,sadness,@Pokinatcha  in all honesty...pain   blech.
1956983171,sadness,Ok ... the passengers ... no one is alive ... they're all dead ... you just don't know it til the end ... then you cry ...
1956983467,neutral,At home alone with not much to do
1956983509,worry,@DavidCookLove ia so much! i haven't really been happy with any of cooks choices for singles.
1956983690,sadness,@vincew @stefanyngo  i fell asleep on the beach and didn't put on enough sunscreen  lol
1956983851,worry,So i think my son might have the flu cause I def. just cleaned up a stanky puke mess  Poor pumkpin
1956983874,happiness,"So great to see Oin &amp; Cynthia.  So happy.  Dinner was great, cute little place.  Too bad Oin got sick afterwards."
1956983931,neutral,I cant give @jertronic any bday nudges.
1956984185,worry,...and all woman who transfer their first impressions (sexual/maternal) onto a less 'threatening' man -- are themselves as weak as 'Him'
1956984205,neutral,Brothers Bloom won't be opening this weekend in El Paso.  I'll just buy Brick and enjoy that until I can watch Brothers Bloom.
1956984559,neutral,says I miss plurking.  http://plurk.com/p/wxion
1956984864,worry,"Bitten to blood by my cat, on my way for a rabies bacterin. Seems 7 shots for 2 months. Never wash my cats at home again, they hate water"
1956984894,neutral,I miss Voobys!
1956985129,neutral,@Dancing_Monk Neither are ELP!!
1956985535,happiness,"@havingmysay  dude, that is my favorite sandwich place ever. ummm did you take PICTURES?"
1956985612,worry,is sad that shin ae got married...and it wasn't to alex
1956985758,worry,"@shondarhimes Sure you will tweet about this when you're back, but news is abuzz about TR Knight's leaving &quot;confirmed&quot; today.  Muy triste."
1956985764,sadness,@RachelLock22 ohh thursday i have exams.. all day  what about wednesday ?
1956985973,neutral,there was a mix up with my dentist appt this afternoon. so they rescheduled me for tomorrow @ 9am.
1956986211,sadness,"@gcrush @nopantsdance i was just thinking about how excited i am for you guys to move, but then i realized how sad i am to see you go."
1956986359,worry,"goooood mooorning people... sun is out.. definitly spring now, we had our first spring hail storm, my car has dimples now.."
1956986767,sadness,@artfuldodga I love those 'it'sakey' USB sticks. We only have the 4GB in Australia
1956987381,worry,fresh prince and sleepy sleeps my nightly routine  gotta go to Dmv early tmrw
1956987600,hate,dammit! hulu desktop has totally screwed up my ability to talk to a particular port on one of our dev servers. so i can't watch and code
1956987828,worry,@emmarler i am jealous of your mom talking to @taylorswift13. i want to see you all our twittering is making me miss you
1956987904,worry,I can't sleep...I keep thinking about the puppy I played with today
1956987950,worry,.. I'm suppposed to be sleep. But i got some much to do. &amp; i got that one part of the song stuck in my head &quot;your a jerk (iknow)&quot;  blaahh
1956988145,neutral,@lepetitagneau what's going on sweetheart?
1956988218,neutral,"How can it be so freaking difficult to get a system-wide spellchecker? Shit, I'd settle for an office suite one. Stupid unhelpful Windows"
1956988223,worry,"Last one month due to summer, strawberry is not availble in the Chennai markets!"
1956988477,neutral,@willxxmobb work at 6am. Gotta go to bed soon
1956989093,love,@RobertF3 correct! I ADORE him. I just plucked him up and put him under my arm cuz he was cryin.  All better now! Hahaha
1956989514,sadness,@sweeetnspicy hiii im on my ipod...i cant fall asleep
1956989526,sadness,dont wanna work 11-830 tomorrow  but i get paid
1956989560,sadness,feels sad coz i wasnt able to play with the guys!!!  http://plurk.com/p/wxiux
1956989561,neutral,PrinceCharming
1956989601,hate,@ cayogial i wanted to come to BZ this summer :/ not so sure anymore... a teacher's life in the summer SUCKS
1956989914,worry,First ever dropped call on my mobile. On a call to @Telstra no less! ( being charged for data even though I have a data pack  )
1956990288,hate,@mrgenius23 You win ... SIGH Rakeem
1956990413,neutral,Oh is that time for real?
1956990568,sadness,Darn these allergies! I don't like this time of year because of this! I never used to have this problem either
1956990729,worry,Oh no one minute too late! Oh well
1956991009,hate,"@soviet_star Damn, that sucks"
1956991673,sadness,@cayogial i wanted to come to BZ this summer :/ not so sure anymore... a teacher's life in the summer SUCKS
1956991704,hate,@mileycyrus THIS WEBSITE GAVE ME A VIRUS! When i opened it more windows kept POPPING up
1956991723,worry,ahh! big scary bug flying around my room!!!!!
1956992030,sadness,"I wish she knew what she puts me through..She stole my heart, never gave it back..and occasionally she likes to be like look what I have!"
1956992144,worry,is up with a nasty cough i cant be sick i have a huge weekend ahead of me
1956992349,neutral,@justamedicine  That was stone cold   Crazy....  ?
1956993007,boredom,i'm so tired
1956993080,neutral,shift time  bbye biochem waaaaahhhhhh!! http://plurk.com/p/wxizo
1956993206,neutral,@melbournegirl I'm sure some1 will cum out and play. I'm workin through til midnight.
1956994067,neutral,@thecreativeone I second that. I wish it rained more where I am
1956995196,sadness,@neesabear early happy day of birth in case I don't make it! Very tired from therapy today n just taking my medicine!  misshu! Love ya!
1956995505,neutral,damn it were is Eric or anyone else when you need your hair to be played with
1956995679,neutral,I'm feel deflated. Ugh. No more dog.
1956995762,sadness,Allergies suck ducks nuts.     &lt;=====8@8=====&gt;
1956995852,neutral,Well it almost was a good day... Guess I just retry tomorrow
1956996081,hate,@IamYeTe Waraku is tasteless and expensive! Portion is so little!!!!!  re: waraku
1956996385,love,@freepbx sounds good. Appreciate the suggestion. Been a week now and we're still offline  Time to ask for a refund...
1956996470,worry,"@poinktoinkdoink He died.  Wait, what about Magic Jack? I just read it."
1956996673,hate,@britblackbird  youstinkatrespondingtotexts!
1956996730,sadness,wonders why her Karma points turned into 0.00.  http://plurk.com/p/wxj54
1956996765,happiness,"Need to pack for CALI CALI! Cannot waittt! Thinking a glass of wine is in order to celebrate my weekend vaca. Still work 2morrow, tho."
1956996776,sadness,Is miserable  i feel like im gona cry  sux!
1956997143,neutral,@megturney well I ran out of beer so I left. Not sure about the ETA. Waiting waiting waiting. Bleh  Gonna be a long nite methinks.
1956997352,worry,$#@! My nose stud fell out and I can't find it  Looks like I'll have to head into Amsterdam today and get a new one
1956997619,neutral,"claire @breakfastnt love the show, got into the office @ 5am and no radio"
1956998370,love,Pats in philly at 2 am. I love it. Mmm cheesesteak.  Miss my boyfriend   but I love vacation.
1956998532,sadness,*sigh* I'm going to bed... I just don't feel right anymore...
1956998538,neutral,What? I focused on Tom so much I didn't see my beloved Barack! Oh no! I must vote for both! Poor president only has 626 votes.
1956998698,neutral,@jwillock EpiCentre Wheelock Place - tourists only..
1956998704,sadness,Now I am depressed after watching so you think you can dance
1957000040,sadness,"Just cross 'cause I'm stuck twiddling my thumbs now, ugh"
1957000077,neutral,miss 16'th
1957000152,neutral,"@TheHarvardian I know. But like I said, I have no idea how long it takes for them to investigate this stuff."
1957000290,worry,"I cant sleep, but im too sore to move"
1957000314,neutral,@LaFloozita http://twitpic.com/4phze - Awe! I miss my baby
1957000336,empty,@softtouchme just answered you- never learned how to write in French- just basic stuff-
1957000372,neutral,what is it with chocolates? i just can never say no
1957000788,worry,Achieving a new appreciation on how a xml build script can really be painful and cumbersome
1957001049,neutral,@ether_radio i'm too awake now  ill have a nap this afternoon
1957001370,worry,@omfgiselle i cant do anything
1957001496,neutral,still needs another 6 hours of sleep
1957001506,relief,I'm at work
1957001854,fun,RIP leonardo. You were a great mini fiddler crab
1957001967,neutral,"Morning tweeple,way to early again"
1957002082,sadness,"Last day working for the Uni today, sad times"
1957002773,love,"@NisforNeemah thanks neemah. I'm gonna be soooo close to you and izzy, yet so far"
1957002923,worry,My head hurts so bad I could scream!
1957003048,worry,i just go up and IM SO TIRED and my airmatras is broken somewhere and now im in even more pain
1957003356,worry,New work wellness challenge not going well.  I committed to not check email between 10 pm and 6 am.  Failed on first day.  Twice
1957003440,worry,New blog post: [Blog] auto insuran...: I just found that my auto insurance policy had been expired. ( I am too careless  ...) .. Meanw ...
1957003715,neutral,"where are all ma bestfriends at ? , MIA or wat ?"
1957004184,worry,oh men!!!!!!......I really can't see my face........c'mon guys!!!
1957004519,worry,"I'm showing my age. Renewed my tags last week, went down $20. Got my insurance renewal email today, went down $100. I don't wanna be old"
1957004606,worry,my sole supporter is not my sole supporter
1957004749,hate,don't you hate it when you finish all your work and there's still 1.25 hours left of work time
1957005165,worry,@Emilyyy16 urgh stop it guys
1957005226,sadness,is still missing her husband.    I really want him home.
1957005279,sadness,I miss my puppy
1957005410,surprise,"2 days of this month left, and I only have 400MB left on my onpeak downloads."
1957005696,fun,@IdleThumbs Up is out?  I didn't get the memo   It looks amazing.
1957005713,sadness,@nzdeany I've given up on pizza - kids would never let me have my fav  (the hot ones)
1957005817,worry,Up reading tabloids about other people's lives...thinking what I'm gonna do with mine when my baby leaves?
1957006033,sadness,@BarbSchaefer yearling in pet home died... very sad for their whole family
1957006074,neutral,fun in the sun hmmm hell no it's cold
1957006098,worry,I got a giant splinter stuck up underneath my finger nail today at Muppets...it hurt.  But I got to go to First Aid for the first time!
1957006245,sadness,"@heresmyhello92 We hate change, so of course. We're fans for life. &lt;3 Oh and if we haven't met Rob by then something went horribly wrong."
1957006307,worry,is feeling sad... for some reason..  http://plurk.com/p/wxji3
1957006547,sadness,well fuck- this new pain med has an odd warning that actually applies to me. i can't take this. -chan is displeased.
1957006674,sadness,just uploaded my new blog... a painful story about an 80s year old man who cried because he wanted to die... very sad
1957006725,neutral,@juneyee i don't think so.  I WANT DETAILS.
1957006830,neutral,@jackgraycnn Hi...!!! Who is Mary Poppins???
1957006947,worry,"@jaychuck Its so addicting, but its kind of a curse to do them at night time. Everytime i do one, i feel like making music afterwards"
1957007167,neutral,my last tweet didn't send  bad phone
1957007268,fun,@relly1  OMG Ur alive!!! LOL  2day has gone sooo slow  I'm going insane Grrr You doing anything tonight?
1957007394,neutral,@taxidermi  I was watching Parental Control
1957007437,fun,"@JessiJaeJoplin did you get them from california vintage? ahahah they have the BEST dresses, i want them but i dont have ebay"
1957007633,sadness,I just saw pics from this past Thanksgiving and am sad because Grandma was in them.
1957007981,worry,@jertronic it wont let me
1957008075,sadness,Took a shift tomorrow.    I don't really feel like working right now.
1957008193,sadness,but now i have no money for a phone
1957008287,worry,Spent last night in A&amp;E (ER). Wife tangled wheels with Daughter &amp; hit the deck. Dislocation &amp; fracture resulted.
1957008292,worry,@TheLastDoctor 9 days  I'm about ready to visit Torchwood and see if they've heard anything
1957008434,surprise,@Bern_morley where are you? In Bris? I can't hear any thunder
1957008478,surprise,"bec vs fat food   --- winner = fat food  but not this weeknend, ill beat it!"
1957008498,sadness,Too bad the Red Devils.. disappointing to say the least
1957008766,surprise,I had a dream about a pretty pretty beach and there was no beach when I woke up
1957008802,sadness,"@xdjio Have a 3ware 9650SE, not fast enough for 3x X25-M SSD RAID5. 800Mhz IOP on the HPT. Might try an Adaptec 5405 (1.2Ghz)."
1957008987,surprise,when da heck will the garage man get here I ask you.. WHEN..
1957009454,worry,"Ate Mandy, please forgive me. I really am sorry. I don't wanna lose my Bff"
1957009666,hate,@melluffsyew Umm yeah. That's probably a pretty good note to self because eeeeeewwwwwwww.
1957010072,worry,why are plane tickets so expensive
1957010329,fun,(@wendyisastar) @melluffsyew Umm yeah. That's probably a pretty good note to self because eeeeeewwwwwwww.
1957010415,worry,Needs a job BADLY!!!
1957011291,sadness,@AlexanderGWhite daaammmnnnnn I do wish I was there.
1957011738,worry,Went to Di Bella coffee roasters today and asked for a job...   The person I needed to speak to is on holiday...  #fb
1957012476,sadness,@yuki_hime I played up until the latter parts of the voodoo village part co-op until I lost my usual partner
1957012769,sadness,is a bad friend
1957013149,neutral,@rlcpbiatch happy birthdayyy! hope you have an awesome day. didn't see you at next last night!
1957013166,hate,@SparkDawgMusic im doing that shit right now ... im on vacation and you got me workin
1957013488,neutral,@aiderushton ill be over in an oir
1957013697,neutral,@only1kcj guess its a no go girlie. I'm still at the gym and work at 6:30am
1957013723,hate,would wish the severe migrains would stop!!! doc's prescriptions arent working
1957013804,love,@bobbyedner i missed the game
1957013885,sadness,"@moggy99 No internet last night; ER was brill, there was a massive explosion at the end of a nearby gas works ER on standby"
1957013895,hate,@tiffalo cuz airlines are super lame.
1957013896,sadness,@lenje - Still a pity it comes with no lamb though
1957014267,sadness,@bloomsday16  I'm sorry to hear that. Here is my optimist: Things will get better. For all of us.
1957014389,relief,"is done painting all the bedroom furniture, I still have to do the table but it will wait until after the move. Uggh moving in the heat"
1957014493,hate,I'm so very tired...and have insomnia.
1957014517,neutral,@juiceegapeach A hungry fool. Ill probably never see that Krispy Kreme again. Had to enjoy it. They closing down
1957014653,neutral,@yelgiuQnayR airport? and you didnt show up tonight homo!
1957014706,hate,"I hate Bakersfield and I hate the Ports, let me go home already.  I want to start my vacation."
1957015287,neutral,@MrRathbone what about me
1957015475,neutral,"Looking for desktop twitter app that will actually let you access URLs, any suggestions? I liked Twittle but no linking"
1957015719,worry,people in my house do not know how to close doors
1957016086,surprise,Why am I completing facebook quizzes at this time of the morning... especially a friday morning
1957016169,neutral,out with @lizzziemonster &amp; @jamiejamess i am soooo hungry
1957016339,worry,@munchkinhugs I don't like the possibility of the left side of my brain hurting because of the thing called a VP shunt and possible death
1957016697,sadness,Had to cancel wow for now
1957016818,worry,wants to make a music profile but i don't have money i don't know how to write music i don't know how to play an instrument and no studio
1957017164,sadness,@fairyfroggie But yeah...I'm sad about my &quot;Ravenclaw&quot; account. I love that account to bits.
1957017177,worry,"It's 1:15 AM, and I hear a helicopter flying over my house. That's kind of weird. In other news, my headache is back. BOOOOO."
1957017320,worry,@__sugar oh no  i am always here ;) &lt;3
1957017333,neutral,back from school. Ms Suhana's last day as our FT  OCU was okay. I'm playing ALTNOY over and over again.
1957017486,neutral,@ poll : was trying to get it to work in a powerpoint to no avail.
1957017522,happiness,"took a math test today. The day before the test, the teacher says bring your calculator. Luke was confident. Teacher decided no calcs."
1957017595,happiness,"omg, the concert was awesome, madrigals gave me chills on almost every piece...brooks also called up alumni, but i didnt get to go"
1957017610,neutral,"@livestrongnj yeah, it's terrible  cockatoos are the hardest to live with, so emotional. good thing he found you, though!!"
1957018061,sadness,Up late with nothin 2 do.....
1957018162,worry,i think the vog is making me sicker than i think. feeling slightly achy
1957019034,worry,i am doing homework it sux big time maths is the worst!!!!!!
1957019121,neutral,"@Nymo would have been better, IMO, if it let you play through all 3 songs provided. I just start to &quot;get it&quot; and it blacks out."
1957019458,neutral,#3wordsaftersex it never started...
1957019556,sadness,sometimes i wish things could go back to the way they were the beginning of last summer
1957019715,worry,"I downloaded the new twitterfon update thinking they were fixing the typing problem for new tweets, but no, they didn't"
1957020180,sadness,"@kateisbored I feel the same way, but I guess no matter where you are there will always be memes."
1957020385,happiness,"I Can`t do 30 minutes of Treadmill  but done 30 minutes for today already, gonna do 20 minutes more"
1957020390,worry,i'm sooooooooooooo confused
1957020593,neutral,"With friends like VaikO,Nedumaran, LTTE didn't need enemies. Wrong advice at wrong time led to numerous deaths &amp; a lost cause as well"
1957020624,worry,"Work day 7 of 7,"
1957020702,happiness,Chillin with the roomies. Can't wait for the zombie CLWN CR. Its gonna be 6-8 weeks
1957020861,neutral,"I looove guitars, and playing them. I think they sound magnificent. If only i was better... If only"
1957021039,worry,"@SuperJerry No refunds but they do retrieve accounts, takes like a week. Just hoping the thief doesn't use hacks or then it's permaban"
1957021224,neutral,@mysticnz no im not  cries LOL
1957021305,sadness,Cute Malay girl came to seemy room for rent - sadly think it was for her guyfreind   bit misleading and disappointing LOL
1957021321,surprise,"@Gurlstrange EpiCentre Wheelock Place, 250 units &amp; for tourists only. Starting today"
1957021486,hate,I hate the new mt dew commercial..the one with a giant mosquito..it scares me and grosses me out all at the same time.
1957021631,neutral,Come on Knight... It's been well over 4 hours
1957022610,worry,not super keen on the drive home through the rain.. additional concentration required that i don't really wanna deal with
1957022799,surprise,@FoxxFiles aw u can't let me in on the secret!
1957023061,surprise,"@freshypanda Im sorry  I don't think I stick out, at least compared to what I used to look like."
1957023133,worry,"no transport for church  wont be making it, im crushed. Oh well, more time for assignments I suppose. My throat really hurts ..."
1957023263,hate,"i HATE when i see pregnant women smokinggg!!!! its sooo irresponsible n selfish! its saaad. ultimately, the baby is the one who suffers."
1957023739,hate,Lies...lies...lies....you just cant avoid to lie about practically...EVERYTHING!
1957023842,neutral,twittascope is NOT rocking my socks - go away already!!
1957023917,neutral,Driving Back home because I forgot the piece of cake for @v_era
1957024334,worry,@seemouserun so I tried jumping without the trampoline and its like thud* thud*  shouldn't have eaten that cookie.  http://myloc.me/1XIz
1957025428,sadness,"Everytime I send an email to my coach, I feel a need to practice.   shitty balls.  Lol"
1957026475,sadness,It's pissing me off and not letting me follow ericka
1957027495,sadness,Is going to sleep not peaceful  wanted to hear him say Good Night but that didn't happen  Good Night everyone....
1957027630,sadness,my mums trying to make me feel ebtter about stopping voting adn not winning shortstack. i almost cried.
1957027687,neutral,@koifusionpdx i was so close to the tacos...one spot too late
1957028656,surprise,is thinking so much and i'm at work
1957028775,worry,I have forgot the live with the Jonas Brothers on Facebook
1957028895,sadness,I haven't seen Muffin in two whole days!
1957029111,sadness,@YumiFujii i'll miss y'all back... give @LesleyBoudy my regards...
1957029634,surprise,my gap year is going so quick
1957029641,worry,"I have to admit, I'm a bit bummed out that I wasn't with my friends walking today...."
1957029899,neutral,@jennyvokals girl a blunt is soooooooo in my thoughts right now. I had an absolutly GREAT day with a few stressors...come home
1957030196,worry,my twitter has been hacked again
1957030545,sadness,Just found mj mouse flats at DJs. Of course there are none left in my size
1957030596,neutral,@passingcarss i wont have time to buy  and i need a new binder pa
1957030622,hate,@lanacaitlin  hahaha well its try its so ugly
1957030793,neutral,25-man Ulduar is hard...
1957031520,worry,"@jmoriarty I don't even want to know WHY you know about VHEMT, but don't go - we'd miss you"
1957031859,fun,@OooChelcyooO That's awesome! We have that this weekend too but I can't go because I'm moving this Sat.  I should be a lot of fun though
1957032014,neutral,night night twitter world. [still cant believe the thomas thing  tomorrow's gunna be FUN/SAD]
1957032051,neutral,@princess_oats this is happening to me too
1957032114,surprise,@qi_tah oh no.  *hugs*
1957032127,neutral,"@oxygen8705 bored now because i was talking to someone but now they're busy with something else  just kinda a bummer, idk"
1957032228,sadness,@xoshayzers i knoww  things won't be the samee &lt;/3
1957032539,worry,"OMG-ness it's 11:18 pm and I need to beup early to set up my garage sale it starts a 8am, wish I said 9am. I'm beat."
1957033043,happiness,@vinylvickxen i kno i doooo!!!!!!!!!! yall partyin with out me
1957033103,worry,"Okay, so twitter suddenly changed, how do I respond to messages now"
1957033219,neutral,ugh.. my dad just told me to read an article about Kavya Shivashankar the spellin bee girl..and be more like her.
1957033558,worry,Decided that no matter how good my hair looks curly it doesn't justify the burn I get from the curler! My hands covered  I suck at it!
1957033776,sadness,Going to sleep. Gonna fall asleep playing apps again. Tmrw is going to suck
1957033815,neutral,@ThaBillCollecta  YEA     I GOTTA BE UP AT 7:30
1957033874,hate,I hate when my bf beats da dogs. But I guess that the only way to teach these pitts.
1957033901,worry,sprained my ankle  like really badly and tore some stuffs. it hurts! and its my birthday weekend
1957034202,sadness,I can't believe the Metal Gear Solid song was stolen    I'm so disappointed  http://bit.ly/YKkSu
1957034289,hate,think i may have broke a toe at the bar tonight......thanks drunk girl for steppin all over me!!!!!
1957034434,neutral,"Not one sale done today at work. Explored balconies in the big theater w coworkers. A fun day, but void of chili fries and tips"
1957034566,sadness,@MacZombieRawr  I wish I had Left 4 Dead. But first I'd need something to play it on...
1957034940,neutral,@sillybabyjulie me too
1957034983,neutral,@digenis that story reminds of living in Portugal
1957035419,neutral,"@jhicks  youre diabetic?   so is my dad.  &amp; i might be too, not sure.  are you still allowed to eat sugar throughout the day?"
1957035564,happiness,I spilled my beer all over my leg. Wasted half my beer.  Home now. I met a cute girl. Good conversation.
1957035950,hate,my roommate @tess_tickle loves to ignore me
1957036183,neutral,@SuperFiasco  I'll make him nachos tomorrow. Better than if he would have made them himself.
1957037405,neutral,@MyDailyRoutine yeahhh. &amp;dont judge my pillow
1957037860,relief,"Scary lightning and thunder  I'm glad it's over now. Going to sleep, I hope I'm not late to school tomorow again. Haha"
1957038324,sadness,my teeth and head hurts
1957038398,sadness,I HATE rob zombie movies. &amp; the smell of weed. Vommmm.
1957038470,hate,"@jcwentz Maths and Science were the strongest for me i think..dunno bout geography, only did like 1 day of study for 1/2 a year of work!"
1957038475,boredom,Waiting in line @ tryst
1957038477,worry,Hope I get a job cuz we need an apartment. I'm drunk &amp; miss my lil punkin  TEHE!!!
1957038763,worry,just got home! not wanting to read the last chaper of breaking dawn cause i dont want it to beover
1957038970,worry,I need to be held...  Gnite.
1957039203,worry,"Hanging out with sam, billy, and veronica. not going to school tomorrow to take sam to body shops. Dang car accidents"
1957039456,sadness,no more arrested development. i am sad.
1957039841,neutral,"@Giggles_xo  wicked , what time you leaving? how come you cant stay the night"
1957039894,sadness,omg i keep losing followers this is so sad  i want 90 one day....thats my goal ;D
1957039922,sadness,I feel so deflated. No more doggy.
1957039947,worry,@blood_rain i wanna see her hair  hows everyone?
1957040172,sadness,"I just had to empty my trash on the mac. that was one of THE MOST DIFFICULT things I have ever done in my life. 8,000 pictures are GONE."
1957040395,sadness,im contacting PAWS Philippines so i can find &quot;tiger&quot; a new owner. im so sad. i love my dog soo much
1957040988,sadness,just got home! not wanting to read the last chaper of breaking dawn cause i dont want it to be over
1957041569,worry,Aww...  Pray for the arroyo family everyone!
1957041648,neutral,@the_babsi there's a manual process... but it's taking 4ever on my outlook database... pffff. crappy msft product
1957041745,sadness,Fuuudge. Movie store is closed
1957041767,sadness,ALO is so sad and quiet and empty tonight
1957041812,hate,"@meganmansyn Hahahaha! It's not horrible, if others were singing with I'm sure it could work. I wish I could afford my own drum set"
1957041856,worry,@wuzzyangel You never answered your DM I sent you....   I need your info...
1957042008,worry,Am trying to get through the pilot of the first season of friday night lights. Oh gosh  Pass the tissue...
1957042316,sadness,@Mona26 Aw where are you headed to? i just cancelled my trip to Aussie
1957042474,worry,I have cystic lacrimal infectection?? my eye and face are swollen and it hurts!!
1957042509,worry,@jose3030 I didn't think anyone caught that
1957042799,neutral,OH NEVERMIND I THINK THIS THING IS UNSALVAGEABLE
1957042862,neutral,"lyin in bed, up faaaaar too early"
1957043226,sadness,Sad that Christian Lacroix had to file bankruptcy
1957043241,sadness,I dont feel good AT ALL. fuckkk
1957044366,boredom,why did i agree to work a double shift
1957044680,worry,looks like i'll never go to the zoo
1957044694,worry,@djvinceadams Ohh poor girl  I'll email her... I am relying on you being here in October Mr!!
1957044783,neutral,When will Medhurst play again?
1957044789,worry,@Moss1982 bad times?
1957044935,hate,aarrgghh - fu*k.....a hose has leaked water all over the new floating floor
1957045395,sadness,Have to go to the dreaded DMV tomorrow
1957045641,neutral,@duncm I'm a bit Ben's Thai-ed out
1957045692,happiness,english class! working on interactive orals
1957045940,worry,@SharonHayes Thank you for the rec but that doesn't work
1957046053,neutral,@dmoneymania  I'm sorry. Excited for tomorrow night? Karaoke!! Getting anything special for bday?
1957046090,worry,My puppy Gizmo h8s me..  haha. He still growls @ me.  I always look back @ my long pruple scar on my fingie
1957046631,worry,I don't know how ima work out tomorrow wit my body dis sore  ugh
1957046815,neutral,in 7-11  w/o you
1957047408,neutral,"@becjee Yeah, plus it's just a little too far to walk to Pinocchio's for sushi"
1957047569,worry,I'm feeling this pressure in my head that always kicks in just before a nasty headache. I'm not looking forward to this.
1957047571,sadness,Taylor Swift and Joe Jonas looked really good together. I'm kinda sad they broke up.
1957047787,worry,I'm suppose to turn in a sentence outline for my research paper within the hour online but my neck hurts.
1957047828,worry,"Lady across the way had a miscarriage, say a prayer"
1957048027,sadness,God I just want to sleep.
1957048703,hate,@ksutt11 ohhhh thunderstorms...boo  why do they always have to make the power go out??
1957048870,worry,I feel so deflated. No more doggy.
1957049167,sadness,Found my book. Starting a real paper-bound journal tonight. Have an annoying zit above my lip. Makes me look like I have herpes
1957050633,hate,"RATT ROCKED NASHVILLE TONITE..ONE THING SUCKED, NO ENCORE!  LIKE IN THE 80'S THEY STILL HAVE A FUN SHOW. PEARCY HAS THAT HOTT BAD BOY LOOK"
1957050684,worry,is feeling bad  just got bad news about my Mum
1957050747,sadness,@RealBlackWidow But but I dun wanna
1957050890,sadness,@imjustlalayone damn girl I'm so down but ya gotta let me know so I can get my kit together &amp; I got a flyer  Any next weekend? I&quot;M DOWN!
1957051517,sadness,"@JustinOdom dbl booooooo for being sick, flippin blows! ... bahaha i kno i dont have many friends on here either. i feel so lame  haha"
1957052167,neutral,@brettyrocks thats what i was thinking but the only time it's gonna be on is 1 am!
1957052211,neutral,"Peeps still here. Fun times. Gotta sleep tho. Work in the A.M. Some cool, hot chicks here. But none as cool as ____________. Missing her"
1957052409,worry,don't feel like working  I think I tweet this too often!
1957052932,sadness,feels sick to my stomach and idkk whyy
1957053170,worry,vineri...nimic special sau probabil un alt weekend pierdut...
1957053247,neutral,Counting the hours of lost sunshine until the Weekend
1957053338,surprise,@justintevya - dude i just saw your SF pics. looks like your mini excursion was pretty kick ass! didn't see any sun while i was there tho
1957053409,relief,is home.  safely... but hungry
1957053566,sadness,"@hello_jodie Um, I was thrown from @JareWolf's van yesterday and had to be taken to the ER"
1957055178,worry,"got to final table, but....went out third.  Don't think I'll be getting my free seat"
1957055396,neutral,good morning work this morning gutted lol nevermind
1957055530,hate,I have to work in the morning while my friends get to party it up.....stupid bberry lite flashing red and I have no messages!
1957055981,happiness,FB is boring   and i wanna sing RIGHT NOW..! *-*
1957056027,sadness,@judyrey  The link doesn't work
1957056041,neutral,@Deedubau hahaha I don't know anyone or anything about it except they have powers lol... I live in my own bubble
1957056896,worry,The humpalow um ya I think so... Cell is dying
1957057026,worry,Last day at work...Sick to the bone
1957057469,worry,i feel like I'm on house arrest.
1957057586,neutral,"love is like a war,,easy to begin, hard to end..fiuuhh..."
1957058130,surprise,@heavenjones ur supposed to be in BK tho
1957058219,worry,@cosmiclagoon Did you know that there is a shortage of shells for crabs to use on the beach due to beach combers? It is very sad
1957058436,surprise,Oh no!  Nighty night.
1957058504,happiness,@celldweller Must... have... new music... I won't sleep until you give us Chapter 1... I might die first though...  Hurry!
1957059348,sadness,my stupid tooooth hurts
1957059587,love,@neyoofficial: love the song &quot;together&quot;. that's &quot;his&quot; song for me...well i think it's still is
1957059671,neutral,Ready To Go @ School
1957059917,sadness,@turnitgrey my computers broken and I broke my laptop so I had to use the phone  ahh still on he cause they fucked up my order.
1957060283,neutral,@Richard_Gable It's good isn't it! Our holiday chalet is out of sight but look v similar to those ones. Going home again today
1957060439,worry,It's a sad economy. Just heard of another friend losing their job.  so sad. But just a reminder that...
1957061418,worry,@jarekpastor I'm just starting to feel really panicky and anxious that something bad has happened cos it seems like it's been ages
1957061527,worry,my dog ran awayyy
1957061884,hate,@all_is_one84 Those suck so bad.
1957062262,worry,"I'm back. top molar extracted  swollen face, all numb.  But no more toothache or sinus pain."
1957062621,relief,"just finished 8 hours of Texas Life Insurance CE tonight, 22 more hours to go"
1957062676,worry,does anyone know any good rap songs? i need to make a rap/fun cd and i have no idea  helllllpppp
1957062698,love,I want to go to Peru this summer ahhhhhhh! Hopefully! Yesyesyes! I miss it over there!!!
1957062827,sadness,I'm awake. Anybody else awake? Wish I lived in the US since all the fun happens when I'm asleep!
1957063783,hate,At Charle's with the power out. LOL! Damn SaveMart lost power and we could not buy beer.
1957063845,sadness,@Penguin_J heehee. i love you! i am tired.
1957064177,worry,my mobile phone refuses to charge!!  either the battery is broken or the chargerrr ( booooo
1957064253,worry,@Kirsten613 oh how i wish you would get her to sign something then send it to me or let me call you when you meet or something
1957064566,worry,"@kimberly625 hmmm, I thought u were sleeping!! Too bad I can't see those videos until tomorrow night."
1957064575,sadness,"Morning everyone sorry for going early last night had bad news, felt totally crap   Today is a new day"
1957064908,sadness,"how I wish my parents put me into a Chinese school when I was younger. Then, it'll be so much easier for me to get a job..."
1957065570,relief,"@AnthonyLucas @iainfunnell Yeah, physically moving too!  Apparently we'll be reporting directly to Mr. Hayward..."
1957065963,neutral,@nayRyelgiuQ airport? and you didnt show up tonight homo!
1957066120,worry,@charloro jealous  it looks like schindler's list in toronto
1957066701,enthusiasm,I want another tatt
1957067386,neutral,@avalonabsinthe what?! Come as you are!!! But erock just left  bah D:
1957067779,enthusiasm,"So, I need to make a lot of money tomorrow"
1957067988,sadness,@joiskol  being in your room makes me sad.
1957068229,worry,"Nearly fell asleep, but was jolted out of bed by a massive panic attack and now I'm not sure if I can sleep at all."
1957068585,neutral,for the gays i only made 200 tonight
1957068880,sadness,@CocktailChic oh f*ck! I completely forgot about Thirsty Thursday! oh. my. gaga. this sucks
1957069453,sadness,"if one people did any wrong, the world blames all the people over there, this is the great world which we are living in!  Shit!"
1957070273,surprise,@MandyAlwaysKnws nope.  they are all sleeping cuz they live on the east coast.
1957070484,neutral,"@dravenreborn I bet its cool down in SR, huh? It's not here. I haven't stopped sweating since noon when dad and I were packing"
1957070534,sadness,@meljachin: eww. dislike
1957070786,worry,Tactical mistake: going to the city library and buying milk. Who knew? OUCH OUCH OUCH. Maybe a good thing I didn't try for uni.
1957070871,neutral,decided 2 trans frm relaxed 2 natural hair but i wish my whole head looked like my roots.  Age of the instant gratification....
1957071331,sadness,"@SuzyDunkley sorry bout the cat,"
1957071583,neutral,needs to have an increase on her salary  http://plurk.com/p/wxluu
1957072308,worry,my stomach feels like it's touching the ground..i'm SO full
1957072400,love,Pug just woke me from an incredible sleep!
1957072637,love,@ddlovato i can`t wait to hear your new album. i`m sure will be amazing.please just replay to me  i love you so much!!!!
1957072682,worry,Sooo much work so little time
1957072896,sadness,missed iron chef
1957073073,sadness,@thevowel the DS version sucks
1957073201,sadness,what a bad day
1957073668,enthusiasm,@lilxamyx08 i know ridiculous! we never got to hang out  i love chicago and want to go shopping... so a trip sounds like fun
1957073753,hate,hates the net. ayaw bumukas ng twitter.  http://plurk.com/p/wxlxs
1957073984,worry,"Ugh, my internet was down!"
1957074101,surprise,omg i didnt tweet all that much today.... *sadness*
1957074214,worry,is feeling so giddy and wanna go home.
1957074267,neutral,the week just wasnt the same without an adam lambert performance!!!
1957074812,neutral,@rockingjude The link doesn't work
1957074977,worry,Up and packing. Its the last day of youth camp
1957075035,neutral,"GOSSIP GIRL, WHEN ARE YOU COMING BACK  ! chaceeeeeee.."
1957075180,neutral,Smh @ hiphop nursery rhymes
1957075229,worry,Somebody please save the polar bears!
1957075268,happiness,@PandaMayhem noooooooooooo i just look at a lot of pictures   lol lol
1957075370,surprise,@CrazyBallerina Not really sleepy ...bored is the right word ... again not much work
1957075457,worry,It has come to my attention from a 16yo friend that I've recently gained a TON of weight. He didn't know it was me.
1957075557,worry,guess im staying home tonight...no movie-ing for me
1957076048,sadness,went to the cd store to search for the cd. But
1957076214,worry,@BuzzEdition reminds me of the weather a month ago it was horrible  I hope all is well hugs
1957076433,sadness,I miss my mom..  &quot;May angels lead you in&quot;
1957076450,love,there's really no android twitter app of Tweetie's calibre
1957076577,hate,on jacksonville beach walking in the cold Ass water   but have to work in the morning   ily &lt;('-')&gt;
1957077528,neutral,"@taylor_d No, it's not..."
1957077552,sadness,@chocolovere i feel the same way every day
1957077564,sadness,Can't sleep. Sucks. The one day i have to sleep in and i have to get up and go shopping with mom. Ugh.
1957077934,neutral,@crunchmonkey78 well i just got home and its not on till tmw at 530p but with comcast its on right now  but i didnt miss it
1957078157,sadness,Sleppytime. Really missing my godfather right now. Love you Wayne
1957078740,sadness,So have a headache right now and it sucks
1957079130,worry,@JayDz hope ya sleepin well  guys still here
1957079355,fun,"i should be finished.... but i'm not.  color drawing, here i come."
1957079403,sadness,"@jwray12 Lakers, baby Lakers!! I'll miss the game tmwr. I have to work  you'll have to keep me posted please"
1957079496,sadness,"comfort food of the day: pan mee. though, it didnt taste any good.."
1957079533,worry,damn being drunk and hot sucks
1957079568,sadness,misses my baby.
1957079622,worry,is not sleeping because he has paperwork to do.
1957079972,worry,Showered in ice-cold water. Sweating now. Means one thing: I'm sick
1957080150,worry,"midnight cry.. wish the person I wanted, wanted me right now"
1957080521,neutral,@mousebudden I'ma need you to follow me real quick cause I can't DM you
1957080579,sadness,I'm poorly and can't sleep
1957080963,worry,Went to pole class. Feeling discouraged. I am hopeless when it cones to dancing or sexy moves or spreading my legs.
1957081280,worry,"@RoasterBoy And these poor, unfortunate souls don't appear to have any pants at all...  ? http://blip.fm/~78qvz"
1957081795,worry,@damohopo @StephanieEllen If I told you how often I wash my hair you would never speak to me again
1957082086,worry,"Looks like another sleepless night dedicated to homework. Sorry in advance, Ms. Chapman."
1957082503,worry,@jessicaduncan http://twitpic.com/662vk -  WHY DO U LOT MOCK ME!!!
1957082536,worry,didnt say goodnight to you
1957082538,hate,@abguerraartist  I am not a pussy! damnit!  [sending you an e-mail right now btw]
1957082926,sadness,has work tom.
1957082939,neutral,In the Hongkong International Airport. Has to wait for 3-4 hours for our next flight to Cebu.
1957083056,neutral,Can't sleep and nothings on tv!!
1957083084,love,"The pics I just uploaded are the baby pics of my cats. Missy is now an adult and a pretty little kitty, but Batty is in kitten heaven now"
1957083230,neutral,@KallieT oh ... you've been superseeded?  not good enough
1957083616,sadness,today we say goodbye to the second good friend in a week from dmp  but at least the sun is shinning and I'm definately NOT working this pm
1957083641,anger,fuckin'm transtelecom
1957083786,boredom,"is really, really bored... I guess I will go to bed"
1957083910,worry,@Syo_of_the_dead I met a stranger just 10 min ago. He was stalking me at the store
1957084165,surprise,@ModelTheany  tee we beefin....what was u supposed to do before leavin????
1957084166,sadness,Sometimes the things you say hurt the ones you love most unintentionally.  And you can never ever take it back or fix it.
1957084446,sadness,@nickkk_ that sucks!
1957084552,neutral,@dorkydeanna IIII know!!! and mean
1957084638,sadness,Having Fever  dont feel to work
1957084742,worry,"Taking Horse Pills, hoping I can get some sleep tonight"
1957084935,neutral,@BusyGod PGPM student from where? I myself was a PGPM student about 4 years back. I wish I could stay one
1957084945,sadness,missing @MeLDiBiAsE...6 days can't pass quick enough
1957085151,hate,@juliaiiivir Hey! That's my school! I hate that place.
1957085211,sadness,"Working from home today, my back is killing me  Doctor and then physio after later today."
1957085406,neutral,back to work.. with no distractions..
1957086137,happiness,"@ddlovato demi, just say hi to me and it`s enough. just replay to me please  love you so much!!!"
1957086150,neutral,awwww  i never noticed this http://bit.ly/RConp
1957086168,neutral,"@heavyharts that sucks  well state starts tomorrow so im headin 2 bed, nitey nite"
1957086444,worry,"Looks like it's going to be too nice to work today, how annoying as I have no choice"
1957086920,neutral,@mygoldmask did you guys keep a set list? I forgot to ask for one  xx
1957087043,neutral,"First impression of Silverlight: sadly, based on what I saw today, it's quite problematic"
1957087059,worry,is desperatly hoping my dad takes me to vanessa's game
1957087780,worry,@pb_and_jay hi!  Fuck your job!
1957087793,sadness,Missing you all deeply
1957088016,neutral,"the time you go to bed,  i have to get up to go to work"
1957088179,happiness,"@mrssunshine96 big now!!! Vanessa is going to be 3 in September, its going by so fast!  its hard cuz Im workin so much, I miss out on alot"
1957088224,sadness,"@Ravels sniff sniff  take care ravels! Hopefully we'll be chatting again soon. In the mean time, I'll HELLA miss you."
1957088340,neutral,"@miss_cheryl Lucky, now I want to teleport"
1957088574,worry,Somebody please save the polar bears!
1957088900,worry,"My nose is runny, my head is pounding, and teeth hurt like a bitch. MAN. @-) I feel awful.  =(("
1957089208,sadness,I don't want her to leave..
1957089386,relief,Headin home...Refreshed my mind and soul justa lil bit...Bac to reality.
1957089465,happiness,"good lord, just seen the agency work for our upcoming Open Day. Money for Jam"
1957089708,empty,wut do i do now????
1957089935,anger,Working   But it's Fridaaaayyyyy
1957090025,worry,At the Grove for 'Drag Me to Hell.' I hope that it doesn't suck.
1957090285,worry,@NOLAevol so i feel like shit for saying HAPPY BELATED BIRFDAYY.. i'm only a month late
1957090408,sadness,"@KaliyahPjones lmao...thats sad, kinda discourages me 4rom goin if the shit's wack"
1957090493,surprise,Got home from work @ 9:45 and JUST finished cleaning. Now I need to eat dinner and don't know what I want!!  Ugh...oh well. Might not eat.
1957090496,sadness,@WillyNorthpole I wish I was there
1957090643,sadness,"I miss my little Batty, she was only 3 months old when she got sick, she was always so fun and full of life &lt;3 Even at the very end..."
1957091075,neutral,FC is finally up again. it's about time. i hate that this keeps happening
1957091147,neutral,seriously bored without anyone to talk to... but not tired enough for sleep
1957091327,sadness,morning again! I hate mornings. So offensive!
1957091357,neutral,@keytar still!! give your computer a break omg
1957091372,sadness,bed bed bed @samuelasanders do you never answer texts anymore?  I thought of you the other day and sent one but never heard back. Sad day
1957091954,neutral,where u at?
1957092017,sadness,@brianshead waah. We're no longer your peeps.
1957092623,sadness,@angelica_yo LOL wow dawg doesn't sound like you're playing!  I feel bad now haha
1957092921,surprise,Extremly deep
1957093069,happiness,My little foster kittens are getting big...chubba and Winston are going 2 b missed when they get amazing homes.
1957093096,enthusiasm,one week till exam block
1957093148,neutral,@Forever_Yours13 I'm not at home with my cats right now!
1957093185,worry,hoping i didn't fail english. that would just be sad
1957093471,worry,Know what would be great? For my shoulder to stop hurting so I can sleep normal again.  I just want/need a few solid hours of good sleep.
1957093807,neutral,Leno's last show was tonight.  I like him better than Conan.
1957093920,sadness,@MariusLT I'm sorry about your bad driving experiences.
1957093924,neutral,@monpio i don't have any of that
1957094323,sadness,Already misses @CMontecillo
1957094812,hate,"plan may changes , nooooooo"
1957094989,hate,my sister is a douchebag
1957095452,surprise,@fiercebanana there's relisting fees when you don't complete a sale?  that sucks!
1957095604,neutral,@eCheers Random has an a
1957096302,worry,I knew I should've worn the SARS mask on the plane from SoCal.. feeling the beginnings of a sore throat
1957096324,sadness,Gutted that the bathroom still isn't free- early work isn't going to happen  . And I need the loo!
1957096447,neutral,@ddlovato july... too long
1957097210,worry,@laurelexmachina awww I wish I could have been there  I'm stuck here about to jab out my eyes with knitting needles
1957097329,surprise,@astynes Me too.  Wonder if Mnet will show it...
1957097629,neutral,Wearing glasses gives me a headache.
1957097730,enthusiasm,@calvinharris stop talkin about food haha fill like sum nw  hha hows your day goin or starting
1957098732,worry,"finished sewing for the night, uploading pictures from slidebar and beach. i cant believe i am having difficulties with twitter!"
1957098844,sadness,thank you @ddlovato (: cant wait!!!! ummm btw ima crash still sick
1957098983,sadness,"First my work computer, now my home laptop is fucked."
1957099112,worry,#liesgirlstell  a guy calls her phone to see if the number is real ) ohh my phone isn't working . try tomorrow .
1957099375,worry,#beer #friday #melbourne #cbd #mtub #mini #cmon Thirsty and lonely ... you buggers are making me feel like a scotty no mates
1957099717,worry,@debbylovespr I know. We came back from 22 down in the 1st just to lose the lead in the last 6 minutes.
1957099719,worry,gosh... summer vacation is almost over here at the philippines.. kinda sad..  i wonder what section will i be in?
1957099757,neutral,"@shanajaca But @feltbeats is on page 6 at Ms Twitterworld, only 26 votes"
1957099758,worry,I'm bummed that I can't wear my sweet Nike kicks to work.
1957100044,worry,@Pickleybaby - your twitter is broken
1957100351,neutral,sleep....good night tweeties!!! down to OC tomorrow. I hope and pray that Rachyl gets better SOON!!!
1957100428,sadness,@joek949 It's depressing I'm stuck inside all day
1957100610,worry,@rachelasha I even saw the news feeds of the archie website. But can't believe he'd choose veronica. I'm disappointed
1957100791,sadness,i hate being sick. i miss @cynthiasheree @lucyowns and @larilync
1957101169,neutral,@iceweasel im eating sliders at barjohnnys! (theyre pork tho not beef  still on the search...)
1957101953,happiness,Getting ready for school - second maths test today  also its my last day of 3rd year!! Next week i will officially be in 4th year
1957102054,sadness,"Woke Up,I Wanna Stay In My bed"
1957102266,worry,depressed that i wasn't included in the morcom gardens quiz on facebook
1957102331,worry,"@dravenreborn yeah, its still totally in the high 60s here. soooo notlooking forward to aug and sept up here"
1957102464,sadness,Upsidedown tomato plants died!
1957102562,boredom,So deep its priecing my soul
1957102785,worry,@ashleypratt Oh come on!!! You get next week off and I get next week full of exams!
1957103043,neutral,"friday here at last, not much fun when your skint though"
1957103680,worry,"@vocabularies i know, don't tell anyone  i dont know if my dad told the famz yet. i think i'm taking it online."
1957103831,sadness,@ddlovato Caan't Iht Be Earlier? ICant Wait That Long.  Ahar. (:
1957103842,happiness,"Friday yay!! And a bonus, don't have to drive to Wales tonight.  Athough will miss kitten cuddles and going for a ride"
1957103882,worry,My children have promised me birthday brekkie in bed. There's a problem with that in that there's bugger all food in the house
1957104001,worry,@RDeRozario woops! I only just realized my DMs to you are not going through
1957104581,neutral,I don't think I will be able to get out of bed tomorrow morning  we will seeeee!
1957104795,surprise,I cant use my blackberry today. This sucks.
1957104830,enthusiasm,Q: what studio created 'Open Season'? should google it or look at the dvd downstairs but feeling lazy
1957104858,neutral,the times they are a changing
1957104948,sadness,@prncsztalia why do you hate me!?
1957105472,hate,time for tv in bed.Then spending all day catching up on studying  i hate online summer classes
1957105525,neutral,@slickiris video is not available to us foreigners
1957105755,sadness,http://twitpic.com/663vr - Wanted to visit the animals but we were too late
1957106132,worry,@prime8507 PC I agree...  We have a problem. We must stop spending and only work!!!
1957106328,sadness,#jonaswebcast i just missed it!!!!
1957106609,hate,Dang it! I REALLY look like crap!! Sigh only had 35mins to shower and 10mins to get ready
1957106752,neutral,waiting to get picked up!
1957106916,sadness,So exhausted..can't sleep. I don't like these nights
1957107095,sadness,i'm gonna miss all the live Comet action tomorrow! i have to go take care of my cousins and they don't have access to the interwebz
1957107599,surprise,lol i cant drink!!
1957107658,surprise,"if bill compton has wii, why can't he have twitter?"
1957108151,sadness,@NothinButSin sorry to hear that.
1957108253,worry,"Morning ;Sports day today, and I have to do the three-legged race with @Weefeetfrankie  ; Mr Pettigrew said I'm not aloud to trip her up"
1957109281,sadness,Just found out I can't drink at this bar! Booo missing e1 at palomino's! No cheers sad face
1957109545,worry,Cannot sleep. 2+ hours of tossing and turning.
1957109983,worry,Omg going to die of swine flu when I go to Melbourne
1957110088,anger,Packing  I don't like it..
1957110716,neutral,"@Giggles_xo   dang it, so its not certain ? ? ? are you okay?"
1957111029,neutral,wishes Dave Gilmour and Roger Waters would re-unite for a Pink Floyd concert
1957111072,sadness,finished a whole box of ice cream
1957111113,neutral,In 1 horse town + 2 blown out car speakers =
1957111130,neutral,Someone make me a cofffeeeeeee......
1957111418,worry,@crispynoodles plus I just deposited tax return cheque but for first time in 7+ years it didn't clear immediately
1957111643,love,Photo: martwo: OMG i love you!!!! i accadentally deleted this photo  yay hes SO beautiful http://tumblr.com/xvd1wankt
1957111702,worry,@AshleighRyder I knooww  &amp; my hot water bottle iss in whangamata without me. ahhhhh
1957111950,neutral,My nose is stuffy
1957112500,neutral,last night in newport
1957112696,relief,@charlieboy808 thanks for the rt and sorry about your new place with the domestics
1957112843,happiness,"Ok, other then my shoe, the club is cool. Its fun, and its poppin except 4 the ppl tryna dance wit me"
1957112874,worry,Holy crap! It's raining in LA and I don't have a jacket!  oh no.
1957112925,neutral,Aright Twitter Fam... guess ima be outties.. gonna try n sleep off some of this horrible pain
1957113207,neutral,Baby was not herself after recieving vaccines
1957113231,worry,"Wish I could attend E3 this year. But these small events like the NBA and Stanley Cup Finals keep getting in the way.   Work, work, work."
1957113346,happiness,"@o0hemmy lol hi emmy, latin would help me study for the aptitude tests to get into grad school ;\ thats why i wanna take it"
1957113650,sadness,@chrisontv88 btw I am not a wimp
1957113687,relief,@kaseypoteet LOL yeah yeah you big perv ;) Was hoping to see you next week but scrapped plans
1957113844,worry,Rejecting all food substances.
1957114162,worry,"@bigyahu no I was trying to interview Dr Paul Twomey, CEO of ICANN. Phone issues cut the interview from 30 mins to 15."
1957114575,sadness,@queenbmakeup i can't add you on myspace girly  it asks for a last name and email
1957114604,hate,"back at Vienna (  ), sooo tired, luggage lost, Manchester 'd been great - very good outcome from Seminar at MBS &amp; great people around ..."
1957114904,worry,@meghanwong don't think i can take a needle. watched a horribly gory short film on drugs a few months ago. i'm scarred for life.
1957114960,sadness,I don't wanna go back to work   sleepy time.
1957115194,worry,@jprestonian It feels not good.
1957115198,neutral,watching The Biggest Loser on Hallmark. Never fails to make me cry  nyeh.
1957115476,neutral,@zaharh that sucks!  how old are you actually?
1957115546,worry,Thinking about getting up for work
1957115742,neutral,Still confuse...
1957115997,worry,I was a very naughty girl tonight. dissappointed with myself
1957116154,worry,@rbuerckner That's better than Missy 8 telling me I should be on The Biggest Loser
1957116289,sadness,http://bit.ly/3W9w1  NOOOO! he goes for Orlando! OMG  I'm gonna CRY!!!!!!!!
1957116742,surprise,@MyCakesRock  AAAAAAHHHHHHHH !!!!!  SOOOOOOOO SWEEEEEEET !!!!!!  I miss that age ..... SOOOO MUCH !
1957116748,surprise,Just saw a fox!  as i was getting on the freeway... I hope it goes home
1957116826,neutral,scratch that; sleep on a stage bound.
1957117050,surprise,recapping on britains got talent. britain seems more talented than america
1957117307,neutral,@officialTila I cnt get it!! its goin to ur old messages?!?  &gt;&gt;&gt;&gt; HELP?&lt;&lt;&lt;&lt;
1957117458,love,"good time Rocking out @ open mic, thanks 4 all the love n support. Now working on Business plan presentation. No CG again 2nite"
1957117786,neutral,@laurelexmachina Swimming is a no go for me
1957117968,sadness,"@johnpopham Morning John, yes I do, however I have a diary clash and sadly can't attend!"
1957118155,sadness,I miss my friend
1957118207,neutral,"@duciaestherine ohh ic ic haha, iyaa my summer is filled with ONE Course that lasts for the whole summer"
1957118513,sadness,Yea i just saw this really sad commercial
1957118612,sadness,Hmmm. Using TinyTwitter on a small non-touch screen is really not much fun
1957119110,fun,@plantweb  Lettuce &amp; spinach does best in cool weather.. I live in florida..not much luck growing those..
1957119180,neutral,@Joshuah_Pearson
1957119780,love,"@IkramShahnawaz Oh I love 'em, but when I think about the kind of preservatives they're using to stay &quot;just-baked&quot; it kinda makes me sick"
1957119815,neutral,@ccburns Unfortunately not
1957120282,worry,@elephantgravy my new lens isn't working. It worked for a bit and now gives an fEE error
1957120549,sadness,Hates having to sleep alone
1957120767,neutral,@emlevins
1957120794,empty,Needs a new phone
1957120823,worry,"back at school again. almost weekend. oh wait, i gotta work from eight to four tonight"
1957120981,sadness,I loved johnny carson now I'm going to hate seeing jay leno go
1957121259,sadness,even though everyone wanted to do a newish song and our teacher agreed :S old grumpy doesn't like us happy  haha
1957121670,worry,doing my english essay (on r&amp;j...wtf) that i should have done a long time ago when it was assigned last thursday
1957121753,worry,@Tiff_Tiff_Marie  I think I do it too much....
1957121970,sadness,@razitul ya. i was suffering the whole day yesterday. met dentist and feel a bit better. i still look like rocky balboa though
1957122083,worry,@GQbound I didn't end up really eating  had more snacks. sigh
1957122354,surprise,FINALLY...the internet is up. The server is down in Phoenix and it was fucked up.
1957122428,neutral,ups ketauan cabut nih gimana dong
1957122777,worry,@Harishk: @krist0ph3r @saurabh sorry guys i have to drop out of the trip... some personal commitments..
1957122923,sadness,I didn't get a callback for the play I cried...  oh well I guess it's back to being a techie..
1957123048,happiness,@UniqueMakis Awesome! Wish I could fly out to see her
1957123281,sadness,@lunafactor I kinda wish I went with you now!.. I can't fall asleep
1957123350,relief,@nawid nope  het is LOST&amp;found he ;-)
1957123469,worry,"At Rocky Cola Diner in Whittier tonight with teacher pal Mr. B, we had a great time chatting but no one else came..."
1957123693,neutral,Off to bed!! Still exhausted from Vegas
1957123747,love,"@heresmyhello92 LOL, very true. Maybe next year. I loooved that siggy, and I don't remember what the password for the mod thing was  Cake?"
1957124014,worry,ummm sooo yeh....its really hard to concentrate rite now wen i have this weird #lupus feeling goin thro my body
1957124073,worry,@charleyboorman http://twitpic.com/65623 - OUCH!! That looks so painful
1957124088,neutral,Took a 4 hour nap after work today and won't be able to sleep all night    This is a bummer
1957124444,fun,@JetWolf I know I enjoy watching you two on twitter. About as entertaining as the comic.  That I miss
1957125420,neutral,Loving lil ken and absolutely dreading saying goodbye in less than a week
1957125620,sadness,@Dakshinamurti Not yet... sorry
1957125747,worry,All I want to do is sit back &amp; relax for a little while. How can that be this difficult?!
1957125791,worry,@zhenerak I thought I was your best friend?
1957125863,neutral,HII!! ThatsmeE!! I woke up and I am goinG to SchooL... Why me??
1957126750,sadness,FALL ASLEEP ON ME AGAIN  But I know how it feels now LOL. Drag Me To Hell tonight! Quite excited
1957126765,worry,god i cant even catch public transport. swine flu is shit house
1957126859,worry,"Dad just said that our trip to UK is cancelled, due to da swine flu. Ooops! Sorry abang."
1957126889,neutral,asks for karma points please.  http://plurk.com/p/wxnt9
1957127234,love,Hahaha! Alright  ..
1957127251,hate,@guitar21g @jackie_hussein i have to wake up earlier than i thought.. my dad wants me to take him food at 9AM! no0o0o0o!
1957128448,happiness,someone take me to LA  I NEED TO SEE THE LEMON TREE
1957128473,sadness,um... so I don't think my text msgs have a &quot;subject line&quot; ... I fail
1957128727,sadness,tummy ache.
1957128989,surprise,Math quiz: If Meow =  but Allergies =   then Meow + Allergies = ?
1957129191,love,wants see my friends  ;-) http://plurk.com/p/wxnwa
1957129392,worry,"@goddessfleur youre so far away, I don't know what to do...."
1957129667,neutral,L.A. said &quot;wipe the slate clean&quot; before the jelly!
1957130105,happiness,"@hiracdelest who's the one always working now?  oh yeah, still me."
1957130295,neutral,@seanpercival Unless that invite comes with a beta key I'm not going to be much help...
1957130303,neutral,@Johnny_Exp not where i live.
1957130797,sadness,"@askegg I'm sorry, Andrew. I wish there was something I could do..."
1957131196,sadness,as if i finsh work at eleven.. IS THAT EVEN ALLOWD?  cauz i really dont want to.. lol
1957131626,sadness,"@AmandaMallard i'm not at chaseton's either  please don't die, my heart will be really sad"
1957131642,happiness,that was an interesting show to say the least. recap tomorrow. first i must sleep. work in am.
1957131762,worry,@omgjoker o its feels like a hot box and no matter where i go in here it still feels like a hot box! ice cream isn't working n e more
1957132096,worry,Very Sad.... please get better Grandma
1957132373,worry,@aannniieee uuuugh  i hate everything
1957132397,worry,Gosh. Today's weather is HOrriTerrible! Extreme hotness. I'm losing a lot of water weight by doing nothing.  - http://tweet.sg
1957132511,worry,"Is taking a moment to reflect...I want my annonymity back,FB!!!!  Is it safe to say anything about someone else to another friend again?"
1957132647,surprise,"@pastorpeterko Hey Peter, thanks for the follow. So many Sydney pastors tweet!!! Shame no Bris pastors are on Twitter; we're behind."
1957132732,neutral,@sha_da_asshole  cant im not @ my sister house no -net tonite
1957133079,neutral,"Damn, hi Facebook ? what's wrong with you ? can't add photos"
1957133192,surprise,"aku kbangun gara2 mimpi @manyolitha, very bad dream"
1957133461,neutral,4 more followers.. follow me and I'll love you!! *pouts* Please?
1957133601,worry,@alyssainescruz aww. me too  annoying!!! :|
1957133900,neutral,"@textdrivebys i dont even have a WII! b likes xbox, so that's what we have  do you use it?"
1957133923,sadness,"I can't sleep, this is so darn frustrating."
1957134074,neutral,@thunder_express i didnt get to see it tonight
1957134278,fun,My BFF rocking Hotel California now. No @NKOTB songs!  done stay the same. What's next? Hmmm.. Careless whisper!
1957134402,sadness,@stormyamorette just one of those days where loneliness creeps up on you slaps you in the face.
1957134460,sadness,RIP kelly  fucccccck
1957134780,worry,@RockedByPickler well I don't have vacations so let's NOT go there
1957134969,worry,"I think im being ignored...by my best friend, jake....a) i hate being ignored. b) we all know how things go with him"
1957135265,love,@Anna_Viola love it! By the way I didn't end up having time to go this week  I'm sooooo sorry! Next week for sure!
1957135415,neutral,2nd to last episode of jay leno  itll never be the same!  nite twitter
1957135976,sadness,Not feeling too good
1957136360,sadness,Ok. Time to nodd off its gonna be a long day tomorrow. Saying goodbye to my car for good
1957136490,neutral,Fakin' kisha...just my luck!
1957136519,worry,Taking a nap after work=no sleep right now. The nap felt soooo good but now it seems like a bad idea
1957136704,worry,is going home... I've seriously had enough
1957136998,enthusiasm,Counting the minutes when my dad's g-friend is leaving
1957137074,sadness,i miss oklahomaaaaa  listening to citizen cope til i pass out.
1957137139,neutral,so tense..so emotional...so not me..
1957137171,enthusiasm,@leopardqueen @seekinspiration Have fun! I miss you guys a lot!
1957137208,worry,@skyduke478 that makes me sad for you
1957137805,neutral,playing the game of watching straight people hook up but can't leave because of another reason
1957138437,neutral,@daveg38 yeah work today  never mind only one day then sun sun sun....
1957138659,worry,Feels like im going to cough up a lung
1957139587,sadness,its funny. i'm kinda sad on my last day
1957139613,neutral,@heresmyhello92 I don't think it was either. But I can't remember it.
1957139668,neutral,anyone got JBs live chat vid? i was @ school  I saw joe hug and tackle nick lol
1957139854,sadness,Jenny fell asleep and didn't come over
1957140078,worry,@thedailysurvey Why do we love those that we cannot have?
1957140211,sadness,Wishes you had teased me with movie night
1957140229,worry,"I lost 4 followers over night, nobody likes me"
1957140443,sadness,@johneast I've missed one this year(!). It's the forbidden fruit. Of all the trees in the garden I munch in disappointment on that one.
1957140584,worry,I want a new phone  I've seen too much cellphone commercials (
1957140914,worry,"@Anime81  I'm soo sad. It's just on the edges of the pages, but it's not gonna come out. *cries*"
1957140966,worry,"this time, i really need to shut it.. i'm going to sleep! my head aches badly and i really can't take it.."
1957141622,sadness,@IvanaE i love it to.. but i knw there gna cut stuff out on tv
1957141723,neutral,@soonseeofpred becuz you braggin
1957142001,sadness,@JoannaAngel I do  But Im on a strict diet. . . ugh I feel like if i cheat for one day Ill throw everything up.
1957142083,worry,"Oh no, hubs is so sick! I hope I don't catch it"
1957142103,neutral,@lawikyn ze Franz has not friended me  i think they think i'm a creepy stalker or sommat. Hmph.
1957142715,hate,"Taking back the HORRIBLE shoes my mum made me get.. urgggh. They are some nasty footwear! Problem is, I can't find any other shoes!"
1957142917,worry,Ran out of money. I r a sad panda
1957143180,neutral,And then you find out today they had there first kiss! }
1957143236,sadness,"So Cal Dachshund Rescue found a home for my foster pup, Max. I'm soooooo sad to see him leave"
1957143446,sadness,wow I feel like ish  and I really feel bad because those ignorent aholes wont overturn prop 8
1957143564,sadness,"off to work now, finish about 9pm  booooo."
1957143679,sadness,Wishes you hadn't teased me with movie night
1957144205,worry,@RitikaKar  http://bit.ly/179jxS But gotta wiat till next week  btw...you from Mumbai itself?
1957144247,neutral,"dont know why so tired today  bye, time for beddy"
1957144266,empty,intentando intentarlo ONCE AGAIN!
1957145383,sadness,"maybe i should take up drinking again, feel as if i have a ,massive hangover  still not ,yself today"
1957145425,worry,i have a really bad head ache  gonna go to bed i might be back maybe not bye bye
1957145483,worry,friends from Traveller's Tales held a farewell party for me but I kinda disappointed them that I would still be here until Sep. My fault.
1957145531,hate,night 5 not talking to my victor  i'm so bored at night now. grrrr i hate this shit
1957145546,enthusiasm,I am going to die tomorrow night.  @emilazy should be here.
1957145627,neutral,"@syafique ooh maggi goreng. yums. i cant eat, sore throat cmin"
1957145817,hate,"gonna get off to try and catch some Z's, no more high school after tomorrow! which really sucks  i wish i didn't have to grow up!"
1957145833,neutral,@curligirl morning hon. what you having for breakfast? I cant decide
1957145956,sadness,should be sleeping.  lost my voice a couple day ago.
1957146159,neutral,did I mention my BF bubbled the WSOP employees event after 12 hrs with AA  Working doubles  now for the next 6 weeks
1957146363,sadness,I was too sleepy earlier and i didnt get to see matt
1957146502,love,big day 2day the xt launch was amazing! so much free stuff thanx 2 the edge and telecom! found the phone i want...cnt afford it yet tho
1957146742,worry,"@bethBABE4 Oh yeah, i'm the poorest person of all. But i shouldnt joke about that, poor other people"
1957146963,sadness,I just realized I spelled &quot;adorable&quot; wrong when I tweeted @mindykaling she must hate me now
1957147025,neutral,@DellOutletUK But now it's gone
1957147097,worry,@janesas_mommy oh  well i hope she gets better
1957147219,worry,@jordskkk who are the crew? please dont be me...  i dont think it is but i could be wrong i have been a number of times...
1957147399,sadness,how to have a glowing face? my complexion is always so pale
1957147422,sadness,"Downloadfestival's lineup isn't as good as i thought it was. There are some other awesome bands doing the festivals, but missing DL"
1957147537,worry,haven't watched gossip girl in ageeees ! and need one tree hill season 3 . god i'm so slow
1957147618,relief,@colstewart You're cycling tho' that's good. Healthy eating  Healthy and eating are a contradiction in terms.
1957147658,hate,Sooo.....I'm kinda o sick n tired of the bs that guys dish out  !!!!!!!!
1957147665,love,"@daveockun I hate you , Fleetwood is my favorite band...I'm so jealous  ok I still love you haha"
1957147848,surprise,So wish the Carlton game was on live  stupid channel 7 lol.
1957148385,worry,"Up early again tomorrow... heading to bed now. I keep saying I'm going to take a midday nap, but it hasn't happened this week yet..."
1957148490,neutral,ups ketauan cabut sama @gemamalove @chikachilo nih
1957148550,empty,"says morning everyone, off to work in 10 min's  http://plurk.com/p/wxom8"
1957148955,love,i no i no bt i had only been a gamer for like 2 years when i made that attempt  lol yea i luvd F1 to an extent @yellowshirts
1957149016,neutral,"It's 4pm Friday, he left at 6am Thursday.... surely he should be there now"
1957149064,worry,@imjustlalayone  I'm so sorry .. ya gotta let me know! I've been booked all week!
1957149170,happiness,@Sashairene hahaha oh man please come to pomona i would love to see you everyday instead of like once a year if that
1957149458,worry,@letsgeticecream I miss you!  Come to Michigan like now....I can't wait till July
1957149571,neutral,@talentdmrripley  maybe a good night's sleep for everyone?
1957149586,worry,farrrrr . pdhpe assignment due next week and have english homework !
1957149886,worry,forgot his access card in the cartoo lazy to fetch it
1957150173,neutral,"@_erica Yea, its tough to keep it going. Sometimes I'm not sure its worth it."
1957150281,fun,@BriannaBanshee such a dissapointment  hhaha
1957150332,worry,"@4EvaAFanOfPaula hun are you okay? I see alot of your posts your exercising like mad,not eating or sleeping"
1957150462,sadness,oh no my tweetdeck is malfunctioning :O il have web will its fixd
1957150576,sadness,"@ElectraX ...i'm sorry about you are still sick  u know most of them, AND i know that u will guess the &quot;pelzer present&quot; ;-)"
1957151064,sadness,@maliciousmandy1 Adam Samberg + new moon trailor = good evening. Too bad my cable is off as of friday
1957151134,worry,@carrotmadman6 What happened? I'm afraid I missed a large part of the story
1957151356,neutral,Work at 5:45am =
1957151415,neutral,@anthothemantho Hell yes. I'm too late.
1957151709,worry,Dell FX100 Pc-over-IP audio device (Teradici) is giving me a hard time in #Linux #Ubuntu Jaunty  Kernel isnt loading the snd-hda-intel drv
1957151748,sadness,Just got my ass kicked in Tripoly lol  I got such bad cards... i suck
1957151886,fun,"creeped it up at the ice cream social! good times. lars and the real girl, such a sad movie"
1957152277,worry,sooo.... Hot in here hufff.....
1957152425,worry,closeness or distance? closeness... but now everything seems so distant...
1957152662,sadness,Annnnnnddd another one bites the dust
1957152849,worry,Ahhhhh! My &quot;Let The Right One In&quot; DVD broke
1957153131,enthusiasm,"@drewseeley hey i loved ACS but i had to see it online, is not here yet   cant wait to buy it!!! you look amazing there"
1957153177,worry,@hisheidi  my thoughts dwell on a certain person
1957153763,worry,fml my work uniform is on the washing line
1957153898,worry,ohh shit i just realized she still not talking to me  it b like dat some times..
1957153926,sadness,"on my 42nd written fuck.. i get less ideas every day, and every day"
1957154044,worry,"@MelissaLynnette naw, it doesnt match up LOL and i have no shenanigans to discuss...  but i did do the thing..."
1957154062,worry,"@mayora not this part, unfortunately."
1957154220,worry,"@soverpeck dude, i didn't know it was a personal experience. sorry something like that went down"
1957154452,worry,@A_Lay aww well I just randomly woke up and now I can't sleep! Too many things on my mind
1957154606,worry,@donperignon me too baby... Miss you
1957154717,neutral,"@ddlovato Since obviously living in Alaska, only a few radio stations we get here."
1957154821,hate,i just murdered two fucking mouses!!! now i cant sleep
1957155160,neutral,"Oh noes.  hey, what's my tatoo say?"
1957155266,neutral,@astynes I don't have a VCR...
1957155610,sadness,@hammett I wish I could have time for my xbox  project all tied
1957155968,worry,all my pancakes always end up soggy.
1957156210,worry,"4 very big ???zongzi) for lunch, ate more, but not work more.Work less but eat more, what  can I do w/h it? Too useless become."
1957156484,hate,"sososo bummed, like really bummed, i hate this rain, ruin my date..."
1957156949,hate,"Working late at night on a Dell notebook, Dell's quality has gone down hill, warrenty service sucks too, poor people  buy a Mac instead"
1957157433,surprise,Wow. That hurt way worse than i thought it would.
1957157469,worry,Why do none of my thoughts make sense when I'm sober?
1957157790,neutral,@MsAKAtainment I know right  but hopefully something comes up though
1957158373,worry,I cant to sleep and tomorrow i must wake up too early
1957158466,worry,"@JustDes As it is now, my body has already developed a mind of it's own but that mind refuses to co-operate with set schedules"
1957158560,neutral,@claudiuvoicu supposed to be back Sun (via private jet btw#!:o) but mite hav to stay bymyself (thnk god) for another week  &amp; want Bruno!
1957158904,sadness,And trash repops.  Getting it tomorrow night I suppose.
1957158993,worry,Nursing bruises from motorbike crash on Wednesday night leaving London workplace. The ground is so much harder the older you get
1957159693,worry,"so bored, i have a headache."
1957159745,neutral,Huge headache...goodnight!!
1957160024,sadness,feels like crap whenever she lays down. @)(1+-'$#! I hate heartburn &amp; backaches!
1957160410,sadness,@katiefreeze I miss you!!!! It's lonely and empty without you!  http://yfrog.com/3o3zxoj
1957160428,sadness,@lozzyx NOICE. I realised that after exams I have 2 more weeks  Forgot about the whole 2 weeks of Unit 4 in term 2 thing :/
1957160547,neutral,"I justwatched like, 5 straight episodes of escaped on ID Discovery channel. A guy imprisoned 6 women, killed 2 and cooked them"
1957160631,sadness,Missing Everyone
1957160829,neutral,its only 0.2! Just give me my 3 points!
1957160843,hate,"@calvinharris make the most of pork products while you can, they've fucking stopped importing it here in dubai. bad times"
1957160993,worry,another build failed! something is not right in the big scheme of things!
1957161106,worry,"My wife took my last 20, no McDonalds breakfast for me today"
1957161380,love,I wish I was going to we love sounds
1957161860,sadness,My sisser is moving tomorrow and of makes me sad  actually I guess technically in a couple of hours since it's already Friday.
1957162285,worry,I keep on falling asleep when I'm suppose to be awake. I miss my babyy..
1957162630,neutral,@ryanhalloran why not?
1957162853,worry,On my way to nottingham..I so don't want to be going
1957162894,surprise,No churchill downs for me tomorrow
1957162928,neutral,to Chicago... but why isn't my ride calling me back?
1957163020,neutral,"K, goodnight! Gotta do Chuck E Cheese tomorrow following kindergarten shots and physical... Bla"
1957163152,worry,I need to wake up earlier so I'm actually tired enough to fall asleep
1957163172,surprise,Bahh the police ended the party @ 5!!  Just when i was starting....
1957163634,neutral,I've got to catch the bus to work
1957163968,sadness,@wired that is so sad
1957164444,surprise,@Jordalynn omg you've never seen 'the Ring' its a creppy ass movie
1957164542,surprise,mannnn..... @alllyy_ got an iphone!!! im jealous....
1957164607,love,@kirstiealley funny u havent showed me any love yet at all
1957165453,neutral,@pegbanditkitty absolutely nothin
1957165693,love,@AnnetteStatus I luv urs! admitting niley with a kiss (: but then they change their minds  haha &amp; demi/sterling (: not jemi but still cute
1957165874,neutral,@ecctv If it makes you feel better I lost 10 overnight cause I posted a picture of a baby
1957165933,sadness,is still sick  sigh
1957166244,worry,"@bethBABE4 Oh poor beths friend  i'm not naughty, i'm just unperfect."
1957166454,surprise,Josh just called me a big bucket of ugly  wish me luck for my audition tweets!
1957166877,sadness,i feel really weird
1957166935,surprise,@future_perfect I'm trying to self learn photoshop but it's not going so well!
1957167206,worry,@BrianLimond Ever seen the tv show Dead Like Me? I died and became a grim reaper. Taking people's souls after accidents
1957167375,neutral,@scumm_boy I'm sorry  I'm thinking about you and hope the week gets better!
1957167387,worry,Steam Punlk fashion show at Anime North and for the first year since TorCon we aren't back til @Anticipationsf &amp; missed it
1957167519,sadness,my throat hurts  gonna go read and go to bed. text mee!
1957168110,worry,I am dying to hangout on a Friday afternoon...
1957168160,worry,Eh.. it's cold
1957168222,neutral,mannnn..... @alllyy_ got an iphone!!! im jealous....  http://bit.ly/NgnaR
1957168762,sadness,fjdskal im really frustrated.
1957168874,neutral,"@regent_lord Aww, you should've YouTubed it."
1957168966,sadness,Wondering how come mcdonalds take so long to deliver my food.
1957169086,surprise,"@desdoulas Ya, the weather has been super weird here. It looked like it was gonna rain today but of course it didn't, darnitt,"
1957169132,sadness,"@kenyaimagine ... much more injustice than we can imagine now. It will get worse before it gets better, I am afraid. No doubt here. Sorry"
1957169154,neutral,Will miss nostalgia ... everyone please kick tushar
1957169213,sadness,Sooo.....I'm kind of sick n tired of the bs that guys dish out  !!!!!!!!
1957169248,worry,class color day tomorrow! last time!  I have a lot to remember for tomorrow but I bet I'll forget -_-
1957169451,sadness,"@StarOnMaineSt idk lol my head hurts. rly bad. &amp; so does my stomach... hmm... personally, i think its from all the #s ive had 2 deal wit"
1957170158,worry,@keytar @badtwin BUT THEY ARE EXPENSIVE.
1957170232,hate,"WTF facebook just cleared out my whole survey and i was on the last q, this night gets better and better  what else is next?"
1957170358,neutral,says good (or should i say bad?) afternoon!  http://plurk.com/p/wxpdj
1957170449,neutral,says I've got number 10~  getting low~~ http://plurk.com/p/wxpdr
1957170760,worry,Misses his twitastic fwiends
1957171202,worry,@Deziree_Divine take my advice lookin through the phone cost me my relationship
1957171745,fun,was playing street fighter IV and Seth Raped me
1957172292,hate,Its weird being at the guy's house without them here. I don't like it
1957172370,surprise,FUCK wasting deodorant... i aint goin no where... i aint havin company  let me funk it to ya!
1957172893,neutral,@summer_eyes I wish I knew!  The curse of Tumblr.
1957173062,sadness,what a beautiful day - shame I've got to spend it in an office
1957173458,empty,I came with a q: &quot;any recommended hairdresser? U r full and they suggested me to others  &quot; His ego talked and I'm in d line
1957173834,neutral,Business exam tomorrow
1957174053,worry,"@WTF_JayR oh, i know how budgeting is."
1957174125,sadness,Just finished watching the series return of the Chasers War on Everything - really quite crap compared to how it used to be
1957174158,sadness,Wow just realized haven't checked Twitter since 9am when I saw my to-do list. Good news- got lot done. Bad news-don't know where day went
1957174207,sadness,http://twitpic.com/664b7 - miss my bestfriend :'( now she left school
1957174335,surprise,OUCH! my earphones just shocked me
1957174342,empty,@allyycase I'm trying to sleep!!! It's not working
1957175219,sadness,Tummy hurts
1957175259,neutral,back from grimsby  it sucks bein back but was amazin wknd anyway!!
1957175385,sadness,farewelling an employee tonight...
1957175518,neutral,"@allysonalfonso haha, its under 18 :@ so ive got no one to go with  curse none of my friends liking TAI lol"
1957175560,worry,"Gorgeous weather, but no bike"
1957175586,sadness,"Morning all. The water heating's packed up, so i can't have a bath. I REALLY want a bath!"
1957175992,sadness,@heavenlyriot Girls are confusing.
1957176048,sadness,@ lyrically_Me   Why would you do that to me?!
1957176189,love,"@jamasweetie06 see...u shouldn't be comin' 4 the city, u should be comin' 4 me"
1957176357,sadness,Blackout in the city is never good
1957176603,neutral,@angelazodiak Aww maybe i traumatized her.
1957177248,happiness,"@wedplanworkshop . Flights already booked, plus its GGD2 1st birthday. Can't miss that ! especially as we missed GGD1"
1957177654,hate,"@mrskutcher  Where I live, all the small markets deliver their day-old bread to the food bank, but times are really tough, even for me"
1957177660,worry,"I have drunk hickups. I had a pretty laid back, great night. But I still can't help but be mad about the situation I put myself in"
1957178636,worry,why do i think i have to take medicine cuz i was laughing to hard?. my head should not be in this much pain. i thought laughter was gud
1957179054,neutral,Ugh. Too much happened today. I really need a hug
1957179157,enthusiasm,boring. i wanna go for taekwando
1957179475,enthusiasm,Watching Leno for the second to last time on the Tonight Show
1957179532,neutral,@n3rin3 Ur pic is gone
1957180100,worry,My tongue still hurts.  I need to sleep!!!
1957180254,neutral,how do you twitter?
1957180598,sadness,@half_a_mind Chris and I are staying in Glasgow instead cause there is absolutely no accomodation in Edinburgh due to the marathon
1957181030,love,"I can't wait till it's Sunday, a new episode of Supernatural but then there are only 6 episodes left now"
1957181400,neutral,@JWess awww  ok lol hopefully by than im still here and not back over in the states
1957181678,sadness,@t_isfortammy Sad tweets are sad
1957181879,worry,needs a little lie down. not feeling great today. boo
1957181945,neutral,@djcoombs not at my workplace.   but a short-sleeved shirt is absolutely necessary today!
1957181947,sadness,Have decided I just can't stand @GuyKawasaki's Alltop spam any longer.
1957182104,worry,"its from all that anal sex, i forgot the lube. damn  may need to go to the E.R."
1957182181,worry,Playn madden with austin. Im going to miss him..
1957182382,sadness,i miss rich
1957182504,sadness,Headache of the century coming- I can feel it  Fuck.
1957182827,sadness,disappointed to know that I got the Silver Award. I want the GOLD award. I hate being second best.
1957183021,worry,PLEASE MAKE THE LIVECHAT ON SATURDAY CUS I HAVE TO GO TO SCHOOL ON WEEKDAYS(5/6 AM here)   @Jonasbrothers
1957183110,worry,"I want to go back to bed but have a child to look after!  I may sleep all of sunday, my enevitable hangover may require it!"
1957183149,worry,I just got mad tired so no sex  sleepytime night!
1957183352,boredom,"THIS TWITTER SHIT BORES ME, NOW I C Y I HAVEN'T BEEN ON HERE IN A MONTH"
1957183431,neutral,does anyone know how to convert 6 est to Aus time? ROFL xD fucking radio disney
1957183897,sadness,home from ice cream tweet-up (my very first tweet-up!) No pics because my camera battery died last night and i forgot to charge it
1957184403,neutral,@sakshijuneja ok that's subtly saying i'm no longer a fave  temme 1 thing - did the firangs steal your vocab? ur eating words and how!
1957185446,worry,"@scotty_mcc bye, Scotty!  i'm gonna miss you. ily&lt;333"
1957185625,worry,New Comment On Jowki:  I wish I had the time to blog more often  http://cli.gs/ZzRe1P
1957186277,worry,we can get a temporary tattoo. I would be totally sad if he died.
1957186411,worry,@professor12 gray! .... i so feel neglected
1957187070,worry,@Desert_Star95 oh so you know how I feel then  Damn representative for bank of america tried to make it sound like I did it. What a b ...
1957187082,worry,is tired and cold and runny
1957188146,sadness,@narain Dun wanna travel all the way there for lunch now. But yeah i have been there. Nice place. Missing Shan-e-Punjab though...
1957188633,hate,Doing a mass cleanout of my room before rearranging it. Just sent mother out to buy me a bin and a bookshelf since mine sucks. Bad mood
1957188800,sadness,@xMyLifesAStoryx rob got lucky that game he beat me 209-205
1957188806,hate,"feeling really sick  watching the fifth element, and about to smoke a cigg. ugh i hate colds!"
1957188904,surprise,Bah I don't think @bing's FB fan page will get to 7500
1957188908,worry,someone save me!! i dont want to pack anymore
1957188950,sadness,home from school had the shitest day today
1957189228,love,@markiti The sweety sat on the table this morning...Just woke up! Very sweet! Oh...btw...I think i'll be home around 7 pm!!!  Xxx
1957189540,worry,bruise on knee will make it hard to skate tomorrow.
1957189551,sadness,"@hobosexual lol.  When I went to buy my new laptop in Feb., I already knew, lol, but I looked anyway and walked away sadfaced. :/"
1957189838,neutral,FYI no internets until THURSTAG!!!! after saturday  i have a feeling i will become 800x more productive during those days.
1957189924,sadness,Sitting by myself. Everyone took the good seats.
1957190114,worry,NO FREE WIFI!?!? My vacay is ruined!!!!
1957190291,sadness,@sfannah Ahhhhh  Well at least I'm up to!
1957190628,love,@mattpro13 Maatt Havent spoken to you in ages dudeee  Dont forget bout ur Aussie fan  ;) lool. Love ya xx
1957190952,sadness,@DHughesy ME! oh wait wrong state
1957190983,surprise,"It's fucking cold here north now! It was like 77 DF yesterday where I was, here it's 37,4"
1957191024,happiness,Are u missing ur frnds ? Hear to &quot;Manasellaam &quot; From Kulir100 Degree movie. Its amazing !!!  Nanbargale - Miss u guys !!!
1957191331,worry,Trying to sleep without any pills... Not working. 3am and wide awake. But now it's too late to take them because I'll sleep til 3pm
1957191437,worry,Phone will die soon. What to do now? Oh no!
1957191516,sadness,Sorry was that mean
1957191630,worry,Forgot my power cable at home today
1957191924,surprise,Dogs eyes seem bad. Just forked out on new washing machine so why not a vets bill to top it off eh?!?!
1957191925,worry,I can't sleep. I can't find my grandmother's quilt or locket. I'm sick at myself cause I may have lost them somehow. Or they were stolen
1957192084,worry,@ZachMoore1 I thought I was going to see a pic of your clean car
1957192167,worry,@hot30 i want to! but im not over 18 and t&amp;c says over 18's only  wanna make an exception for me ;)
1957192307,worry,"@ingridkerr No, but it does amazing things with keeping all your online conversations in one place... unfortunately that place is Google"
1957192397,sadness,"@rscheuer sorry, is only in spanish for the moment"
1957192464,worry,@ddlovato Yayyyyyyyyyyy!!!!! but thats sp far away!
1957192594,fun,must clear out my DVR... getting rid of it tomorrw.
1957192957,hate,Bummed that F! F! F! broke up
1957192967,neutral,I signed up for an account on a political website so I could post a comment but it isn't working.
1957193010,neutral,How Come I Can Never Sleep Past?? Not Good
1957193022,worry,@Sageey My public talk in July got canceled and I don't know why.
1957193805,neutral,@typicalrouse I would but its like 1800 or 1000+ miles  gas prices are crazy im doing alpine next summer most def
1957194036,worry,"Feeling so rough today, just want a cuddle and some sleep"
1957194329,happiness,@cha_rade oh no the economy gotcha?  sorry but so happy that you got another one in LA!  Enjoy SoCal! Ahahaay! LOL
1957194339,worry,"@portugaltheman Where'd the songs go on the site, I want &quot;Do You&quot; on this computer too"
1957194454,sadness,has had the flu pass unto me by andy...went shopping and got fresh chicken for chicken soup...but no d&amp;d this sat ...is a sad panda
1957194726,neutral,has an exam at 10am - I slept about 3 hours last night
1957194802,sadness,not well
1957194936,sadness,@Miss_Rain oh what the hell  way to tell me.
1957195159,neutral,Wish I lived in or atleast relatively close to Ohio!   Haven't seen @SmallTown_Troy or @Derk_McLoven in almost a year.
1957195244,sadness,@theblackestsea oh crap!!
1957195455,happiness,so carlie came over and she fell asleep on me
1957195514,neutral,@3Gguy and within a short time of the last clue all of them
1957195703,neutral,my phone still doesnt tweet
1957195915,neutral,"@blindcripple Good idea Brain, you can't not be on Twitter..."
1957195949,sadness,@shaundiviney i didnt get the msg!! :'( but i bought princess
1957196056,love,"Trying to learn how to do this &quot;twitter&quot; thing... I'll get there. Welcome to all my followers, though Im not that interesting"
1957196074,neutral,@mrskutcher just checked library website and girl with dragon tattoo is checked out
1957196203,surprise,"@movewithme lol ik they are, but i figure i've kept it for a year+ without needing virus software or to get it fixed  sigh"
1957196764,worry,first puppy gone 2 new home.
1957196825,sadness,"I'm so unhappy being here. I hate it. It's affecting everything. My relationships with people, my personality, my attitude..."
1957196855,sadness,"There's Nothing To Do Right Now And I'm Tired But I Don't Want To Sleep. Cleaned Up Pretty Good, So Proud. At Least I'd Be A Good Janitor"
1957197501,worry,feeling extremally ill
1957197786,sadness,@Madush oh my... now im offended.  ha
1957198077,relief,"Off work, trying to relax for about 30 mins before I've gotta go back to sleep"
1957198359,hate,"@StonedSteve yes it was good 2 see them laught at each other,,but that poor lad asking his mum &amp; dad 2 kill him"
1957198430,neutral,I'm at work
1957198551,worry,&quot;my name is Tony!!!!!! ...not hey!!!!&quot; -  poor tony
1957198598,neutral,"@portugaltheman @liftingfaces Where'd the songs go on the site, I want &quot;Do You&quot; on this computer too"
1957198802,worry,back time.  I wish I was a teenager again. I wish I could feel healthy again. I can't remember what it's like to feel healthy anymore.
